nom,email,adresse,telephone,date_naissance
Kristin Vasquez,riosdarrell@example.org,"PSC 6033, Box 6317
APO AP 23511",001-634-414-9682x23192,1985-07-31
Theresa Hansen MD,brian98@example.org,"0461 Williamson Station Suite 989
Blairburgh, NE 03808",001-410-980-3892x892,2000-07-03
Leah Gibbs,erin45@example.org,"6807 Thomas Path Apt. 986
Ellischester, DE 36060",001-368-901-5335,2006-12-02
Tara Flores,hilledwin@example.org,"048 Mcneil Mill
Wallaceport, MN 87224",5909889167,2003-05-06
Anna Simpson,fhughes@example.net,"625 Joseph Common Suite 355
Brownbury, NV 55178",379.473.1720,1989-10-30
William Alvarez,brendagamble@example.com,"USNS Lopez
FPO AP 50186",001-436-302-8921x2514,1966-01-25
Gregory Soto,patrickmahoney@example.net,"6061 Macias Throughway Suite 316
Millsfurt, CT 22417",(822)505-2235x1299,1968-01-13
Sharon Reed,karenmckinney@example.org,"8173 Perry Station
Port Lindsaystad, WI 82882",(694)289-5566x709,1970-07-31
Melinda Bell,davisstephanie@example.net,"PSC 3547, Box 2307
APO AE 82554",+1-326-746-3058,1967-05-30
Ryan Baker,jasonlong@example.net,"Unit 1137 Box 5656
DPO AA 97582",+1-299-351-7703,1979-05-04
